-1,-1,-1,280,postgresql,017d13418863a045fa71770a5bf052b5d9362984,,,vardef-var-name-modify,vardef-var-name-modify,,,,
-1,3,1,138,mysql,02564bfe081799d820acbe62209e18e1e0260a9a,增加功能性判断,,resource-package-type-modify,type-resource-ifstatement-modify,resource-cron-require-modify,,,
12,1,1,50,mysql,02564bfe081799d820acbe62209e18e1e0260a9a,增加参数-是否创建用户和my.cnf文件,,type-vardef-ifstatement-modify,type-ifstatement-resource-modify,resource-file-title-modify,,,
-1,-1,3,34,mysql,02695533c8ec5a9381220d181fa2ffff0e459816,default 的失败处理作用域发生变动,,selector-value-ensure-modify,selector-value-ensure-modify,,,,
12,1,1,217,postgresql,02c0184f5831e707323dac9c1165e1e8ede56032,增加 client_package_name 参数,,hostclass-type-argument-delete,selector-value-::osfamily-delete,resource-class-ensure-delete,,,
-1,-1,3,33,mysql,02c4da48a577d78937da0c67403f30be41d5d54b,删除osfamily 中处理suse的的选项,,hostclass-type-argument-add,selector-value-::osfamily-delete,,,,
4,17,11,166,postgresql,048d9c93c554253b0c5aa90618864d6c51dd5bd1,增加global_version的映射91-1.5,,selector-value-::operatingsystemrelease-modify,selector-value-::operatingsystemrelease-delete,,,,
15,-1,-1,268,postgresql,05eaaa1670527fc2f001f773620259dcda7a49ff,after-require 安装依赖顺序颠倒,,hostclass-type-argument-add,selector-value-::operatingsystemrelease-delete,selector-value-::operatingsystem-add,,,
-1,-1,1,136,mysql,0614fba91156ee4da5ba28ef301765c4a11c2c88,将ensure的present 改为变量参数,,hostclass-type-argument-add,selector-value-::operatingsystemrelease-add,selector-value-::operatingsystemrelease-delete,,,
21,3,1,29,mysql,070daf86b4022a5009f247683c91e29202d52c49,在判断operatingsystemrelease之前先使用is_integer确定是数字,,selector-value-::operatingsystemrelease-add,selector-value-::operatingsystem-delete,,,,
-1,-1,-1,9,mysql,0783c748b7350919f3cbe9ff26b436bac7e2d8cc,notify的目标根据参数sql的设置情况可选通告,,type---modify,selector-value-::lsbdistcodename-add,,,,
14,-1,3,38,mysql,09af083e3c232ee5e05147ef9492365d956bb6a3,对operatingsystem增加default的错误处理,,function-split-param-modify,resource-yumrepo-descr-modify,resource-yumrepo-baseurl-modify,,,
-1,-1,-1,67,mysql,0ad4f719347119c3b7fbf63a1ff48f5d8369300f,增加corn的require依赖,,hostclass-type-argument-add,resource-service-status-add,,,,
-1,3,-1,237,postgresql,0b7bb333d80d600bcf72bed9c9ffb9f304b1966b,类型变动,,hostclass-type-argument-add,resource-postgresql_psql-port-add,,,,
13,1,1,177,postgresql,0b7bb333d80d600bcf72bed9c9ffb9f304b1966b,类参数修改,,resource-postgresql_psql-title-modify,resource-postgresql_psql-command-add,resource-postgresql_psql-title-modify,resource-postgresql_psql-command-add,relation-order-->-modify,relation-order-->-modify
-1,-1,-1,102,mysql,0c07e42427696c34ce6bb5fe85f055b077866c7b,databse_user增加root@::1 用户,,hostclass-type-argument-add,resource-postgresql::server::grant-port-add,,,,
21,3,1,244,postgresql,0c4f2a96470cf0ce211757422b2db9f96e9ada07,"系统版本判断,排除Fedora",,hostclass-type-argument-add,resource-postgresql::server::database-template-add,,,,
21,3,1,252,postgresql,0c4f2a96470cf0ce211757422b2db9f96e9ada07,"系统版本判断,排除Fedora",,hostclass-type-argument-add,resource-postgresql::server::database-owner-add,,,,
-1,-1,-1,229,postgresql,0d196cf92d21e0f00adcd388f17b209356995bb6,修改命令执行路径为参数变量,,hostclass-type-argument-add,resource-postgresql::server::database-comment-add,resource-postgresql::server::database-comment-add,,,
2,-1,-1,272,postgresql,0d196cf92d21e0f00adcd388f17b209356995bb6,修改命令执行路径为参数变量,,ifstatement-if-test-modify,resource-postgresql::server::config_entry-type-modify,,,,
12,1,1,200,postgresql,0d196cf92d21e0f00adcd388f17b209356995bb6,增加工作路径参数,,resource-mysql_user-require-modify,resource-mysql_user-require-modify,resource-mysql_database-require-modify,,,
-1,6,1,278,postgresql,0e1fa6f8b21039e55c78a1994ab2994c40eaa2c5,manage_pga_conf 的判断修改为manage_pg_hba_conf ,,resource-file-owner-add,resource-file-user-delete,,,,
-1,-1,2,11,mysql,0e6644f3a4ddf0787e3941646c728b301e6d4489,lsbdistcodename 增加'xenial'=ruby-mysql的选项,,resource-file-user-add,resource-file-mode-add,,,,
12,1,1,113,mysql,10f346eacaf7d36ea412a979ad2ca6754c54bd69,增加参数ignore_events,,hostclass-type-argument-add,resource-file-ensure-modify,,,,
-1,0,-1,196,postgresql,15071237e1ef838787c525f482f8db6a2599678d,取消对params的继承,,resource-exec-group-delete,resource-exec-user-delete,,,,
-1,-1,1,94,mysql,1719424b23370727407c3a80e96cb354f0f8e429,修改类参数并将package的ensure和name 参数的值修正,,vardef-var-name-modify,resource-exec-unless-modify,,,,
12,1,1,6,mysql,1719424b23370727407c3a80e96cb354f0f8e429,增加参数以做到ensure和name的变量赋值,,function-include-name-modify,resource-exec-require-modify,,,,
18,9,1,119,mysql,1812fbca25343966ab6a45445bfb73eb8dd03178,将file的title作为path单独列为属性,,vardef-var-name-modify,resource-exec-command-modify,resource-exec-unless-modify,vardef-var-name-modify,resource-exec-command-modify,resource-exec-unless-modify
1,-1,-1,53,mysql,1b4a486bf92d6518cd15773f6290fd6eb7311ff0,merge函数修改为mysql_deepmerge,,resource-exec-after-add,resource-exec-before-delete,,,,
19,10,6,63,mysql,1c3bf95e21e91e89fd64688e7df07ff8ea4a21e7,取消provider=mysql,,type-resource-function-modify,resource-database_user-type-modify,,,,
19,10,6,75,mysql,1c3bf95e21e91e89fd64688e7df07ff8ea4a21e7,取消provider=mysql,,resource-database_user-type-modify,resource-database_grant-type-modify,,,,
19,10,6,81,mysql,1c3bf95e21e91e89fd64688e7df07ff8ea4a21e7,取消provider=mysql,,resource-concat::fragment-owner-delete,resource-concat::fragment-mode-delete,,,,
14,5,3,35,mysql,1da8ae7a280a69937af3783daa2abd0d59de6a2f,缺少花括号导致作用域混乱,,resource-class-title-modify,resource-class-title-modify,,,,
-1,-1,-1,238,postgresql,1eb45d07f163ab3e3fd117d9de4bc4351b228853,自定义类增加参数proxy,,type-ifstatement-vardef-modify,ifstatement-if-test-modify,resource-file-type-modify,,,
12,1,1,197,postgresql,1eb45d07f163ab3e3fd117d9de4bc4351b228853,增加类参数proxy,,hostclass-type-argument-add,hostclass-type-argument-modify,,,,
4,17,-1,171,postgresql,246725cfb98b2988514ce7a4a71f4f1f12255a2d,globals_version的映射修改8.1对应1.3.6而不是1.5,,hostclass-type-argument-delete,hostclass-type-argument-delete,resource-package-ensure-modify,resource-package-name-modify,,
0,-1,-1,236,postgresql,25b11a2e6b33f62b09095ecfc3280ac8da7ab8e2,package增加tag属性 方便管理,,hostclass-type-argument-delete,hostclass-type-argument-delete,relation-order-->-delete,,,
12,1,1,51,mysql,26204437ef852951d4f998298867855b6eb1488d,增加includedir参数,,hostclass-type-argument-add,hostclass-type-argument-add,hostclass-type-argument-add,relation-order-->-add,,
-1,4,1,187,postgresql,2718f14017cdf4104f32f9bf30e83eb52ca27359,"增加Amazon的系统判断选项,amazon=9.2",,hostclass-type-argument-add,hostclass-type-argument-add,vardef-var-name-modify,type-vardef-ifstatement-modify,,
-1,-1,-1,271,postgresql,27c5cc0304dc2b7b0bda351b92315f445bf21044,对package_ensure参数增加'absent'的映射purged,,function-fail-name-modify,function-warning-name-modify,function-fail-name-modify,,,
-1,-1,-1,189,postgresql,2876dacb94296a2049303a1047722d278761a636,postgresql::repo增加ensure参数,,function-join-param-modify,function-validate_re-param-modify,,,,
11,16,10,144,mysql,29788fb4c492865b5246daef6cbefe99c4aa067d,"require依赖错误,应该是package_name写成service_name",,vardef-var-name-modify,function-pick-param-modify,vardef-var-name-modify,function-pick-param-modify,function-pick-param-modify,
3,-1,-1,130,mysql,2abccab4d954436fe7239e7bf75809b05d528f8c,database_grant 修改为mysql_grant,,function-include-param-modify,function-include-param-modify,relation-order-->-modify,,,
-1,-1,1,179,postgresql,2b81d5cb634367176d749540706779bcf72d5f89,增加参数,,ifstatement-if-test-modify,function-fail-param-modify,,,,
13,1,1,216,postgresql,2b81d5cb634367176d749540706779bcf72d5f89,增加参数,,casestatement-option-Suse-delete,casestatement-option-Suse-delete,casestatement-option-Suse-delete,casestatement-option-Suse-delete,,
-1,-1,2,30,mysql,2e82660446aec2e2762a3b06c864fe07cc2f3c76,"增加根据operatingsystem的判断,opensuse/sles",,casestatement-option-name-add,casestatement-option-/data_directory|hba_file|ident_file|include|listen_addresses|port|max_connections|superuser_reserved_connections|unix_socket_directory|unix_socket_group|unix_socket_permissions|bonjour|bonjour_name|ssl|ssl_ciphers|shared_buffers|max_prepared_transactions|max_files_per_process|shared_preload_libraries|wal_level|wal_buffers|archive_mode|max_wal_senders|hot_standby|logging_collector|silent_mode|track_activity_query_size|autovacuum_max_workers|autovacuum_freeze_max_age|max_locks_per_transaction|max_pred_locks_per_transaction|restart_after_crash|lc_messages|lc_monetary|lc_numeric|lc_time/-delete,,,,
3,-1,-1,109,mysql,30249552d4180a1967276aeef70af139b06cc519,修改ensure的present值为变量,,casestatement-option-name-add,casestatement-option-/data_directory|hba_file|ident_file|include|listen_addresses|port|max_connections|superuser_reserved_connections|unix_socket_directory|unix_socket_group|unix_socket_permissions|bonjour|bonjour_name|ssl|ssl_ciphers|shared_buffers|max_prepared_transactions|max_files_per_process|shared_preload_libraries|wal_level|wal_buffers|archive_mode|max_wal_senders|hot_standby|logging_collector|silent_mode|track_activity_query_size|autovacuum_max_workers|autovacuum_freeze_max_age|max_locks_per_transaction|max_pred_locks_per_transaction|restart_after_crash/-delete,,,,
-1,7,1,164,postgresql,30973ff76677504bba02ed79ddf466b2a2b0c6f4,,,resource-database-notify-modify,,,,,
-1,-1,-1,239,postgresql,32ebbb5e34b9dbaf46f75b6b6ee9efb6ac6db7c6,更改变量名称version为postgresql::repo::version,,selector-value-::lsbdistcodename-add,,,,,
-1,14,-1,140,mysql,333be5fd76fe9098bd06d25052df4100fdc831d0,增加file的用户和文件属性 user mode,,casestatement-option-SLES-delete,,,,,
12,1,1,180,postgresql,3476828518de2dd86fb380ad9d6e7d95f6c70cfc,增加类变量,,type-varible-selector-modify,,,,,
20,7,1,192,postgresql,3504405cf0b0be280d12434b83df648b7aab815b,变量赋值取消条件判断,,type-veriable-selector-modify,,,,,
17,-1,-1,100,mysql,369c83126b4b68f5fd8b32d0278f89b35c0b63c6,"自定义资源名称修改,database_user修改为mysql_user",,type-casestatement-function-modify,,,,,
17,-1,-1,131,mysql,369c83126b4b68f5fd8b32d0278f89b35c0b63c6,"自定义资源名称修改,database_user修改为mysql_user",,casestatement-case-test-modify,,,,,
9,4,1,160,postgresql,36bbd6ed2a9f769ee2a02766920637c43505a9b4,增加operatingsystemrelease的映射ubuntu14.10->9.4,,function-mysql_deepmerge-param-modify,,,,,
8,4,1,174,postgresql,375308a12db763433dd7db42d066fb37a8f34ef2,增加operatingsystemrelease的映射ubuntu14.10->9.4,,resource-database_user-title-modify,,,,,
16,8,-1,232,postgresql,3896baeabb7ed2a1be19e705aa405560f5ea06f0,exec 执行路径path 增加/usr/bin:/usr/local/bin,,resource-database_user-title-modify,,,,,
21,3,1,16,mysql,3a6a6c63580a71058aef74176d461547a3f0a660,"对opensuse系统版本比较由大于13.1,改为13",,resource-file-selinux_ignore_defaults-add,,,,,
20,7,1,32,mysql,3ca7d958dff8115262090ad0e62ef828bad90db5,"根据系统operatingsystem和系统版本operatingsystemrelease判断,赋值,fedora19以上使用mariadb",,resource-mysql_datadir-log_error-add,,,,,
-1,14,-1,122,mysql,3daceba34d0131774cfbe548170d7aad3cc74994,增加file的文件属性mode,,resource-database_grant-require-modify,,,,,
-1,-1,-1,253,postgresql,4334dc7bd96f9c652b74ff65694dc9c17fd3f2a5,增加依赖关系,,resource-file-group-modify,,,,,
-1,-1,1,260,postgresql,435d63297abad00910adb3acaa8660d15a01e563,自定义类增加comment属性,,resource-file-ensure-add,,,,,
12,1,1,257,postgresql,435d63297abad00910adb3acaa8660d15a01e563,增加类属性参数,,resource-file-type-modify,,,,,
9,4,1,158,postgresql,46567450fafe1376d42b933c43e7f6973ef38df1,"系统版本处理,",,selector-value-::osfamily-add,,,,,
5,0,0,2,mysql,46fe1ea51206dd8cb50d1b5252d9d9cc97e4042e,继承类由globals改为params,,type-not--modify,,,,,
5,0,0,7,mysql,46fe1ea51206dd8cb50d1b5252d9d9cc97e4042e,继承类由globals改为params,,resource-class-ensure-add,,,,,
10,1,1,95,mysql,46fe1ea51206dd8cb50d1b5252d9d9cc97e4042e,修改类参数为对应类的参数,,type-ifstatement-casestatement-modify,,,,,
-1,-1,-1,1,mysql,473a3c330798d09e3fa686d155b6704699fa0441,"fatal函数修改为fail,warn函数修改为warning",,casestatement-option-Ubuntu-delete,,,,,
-1,14,1,270,postgresql,480fc64f6bc43ed428a17d73287f170d5bd3eab2,"修改文件的mode中700为0700,规范书写",,resource-class-require-add,,,,,
21,3,1,31,mysql,48af8a727dcd4e03d786f7469bb727d1eace2441,拼写错误operatingsystemrelease 错误拼写为operatinsystemrelease,,resource-exec-cwd-modify,,,,,
13,1,1,163,postgresql,48e1eb6002c2897392095d9aa6d2585d44103402,删除类参数,,function-join-param-modify,,,,,
11,16,10,145,mysql,4bab65edcb98f82f87a4414840fe90ab81b6cea3,修改依赖的package目标,,function-require-param-modify,,,,,
15,15,9,126,mysql,4bab65edcb98f82f87a4414840fe90ab81b6cea3,修改exec的依赖package,,resource-yumrepo-proxy-add,,,,,
-1,-1,-1,267,postgresql,4cd64e80ac7473ea1fb47cdfc68ef93a79666084,增加权限关键字列表,,resource-concat-owner-modify,,,,,
22,3,1,8,mysql,4d6962e868425935a59a512bffa03c5077e6dbf9,对mysql::bindings的include该为实际的class,,type-relation-resource-modify,,,,,
21,3,1,254,postgresql,4e002d7fd93e7bbbddcc1c81abf17dfee5f23ff4,由直接比较改为正则表达式,,selector-value-encoding-modify,,,,,
21,3,1,245,postgresql,4e002d7fd93e7bbbddcc1c81abf17dfee5f23ff4,由直接比较改为正则表达式,,resource-postgresql::server::role-before-add,,,,,
-1,-1,-1,291,postgresql,50ae9efbadc9e9b01616f8d758b85cbba2384e39,file增加依赖,,type-relation-resource-modify,,,,,
-1,-1,1,146,mysql,511688311102ed0a681aab0bc06850fdaf76619b,"修改file资源的group属性,root_group改为mysql_group",,function-validate_string-param-modify,,,,,
13,1,1,44,mysql,511688311102ed0a681aab0bc06850fdaf76619b,修改类参数增加mysql_group,,selector-value-package_ensure-add,,,,,
14,5,3,17,mysql,511688311102ed0a681aab0bc06850fdaf76619b,operatingsystem的选项增加mysql_group的选项,,selector-test-test-modify,,,,,
-1,-1,-1,64,mysql,51d66a53abf907f14aa9893f239af6fe5a722d6c,针对不同系统增加变量赋值mysql_group=mysql,,resource-concat::fragment-content-modify,,,,,
-1,-1,-1,139,mysql,52b8714081c6a492b6690ebbecdcc0c2e06ce22c,file文件的user应当是owner,,resource-postgresql::validate_db_connection-database_port-add,,,,,
9,4,1,161,postgresql,53048211d02b1e758eb7b9c89aedb132566eaa72,operatingsystemrelease  的映射关系ubuntu增加13.10=>9.1,,resource-postgresql::validate_db_connection-database_name-add,,,,,
-1,1,1,209,postgresql,532047919a65a12999cf33b5360532044e6de0cb,"删除类参数,并取消firewall的依赖",,resource-postgresql::validate_db_connection-tries-modify,,,,,
13,1,1,165,postgresql,532047919a65a12999cf33b5360532044e6de0cb,删除类参数,,resource-file-require-add,,,,,
9,4,1,170,postgresql,53ce9110d7ef2ba04781a9855e489a17f34abed8,为operatingsystemrelease 增加新映射debian jessie|8->9.3,,hostclass-type-inherit-delete,,,,,
15,15,-1,282,postgresql,5488821ce64728156ffb2024ed6fc6f9b0af953c,"增加新的依赖,exec 依赖于service启动",,type-function--modify,,,,,
-1,-1,1,168,postgresql,58fe218e91947fb9a0eea44fcdb0f4cccc6c78c3,"去掉ensure属性,并在osfamily中去掉suse选项",,type-function-ifstatement-modify,,,,,
13,1,1,198,postgresql,58fe218e91947fb9a0eea44fcdb0f4cccc6c78c3,类属性中去掉ensure,,type-ifstatement--modify,,,,,
21,3,1,13,mysql,5a7e34b0aca2f81b71e58cbd43e4f6903677485d,增加Amazon的系统判断,,selector-value-::operatingsystem-modify,,,,,
10,1,1,46,mysql,5b692a8f62cae32fdaafed360bdbc35cc9f62c4e,,,selector-value-::operatingsystem-add,,,,,
3,13,1,128,mysql,5d17f10f93585e7637786c0337b3fcde5a3db9b9,增加对service的依赖,,function-fail-param-modify,,,,,
-1,4,1,186,postgresql,5e142cbebaaebd3ec36498e15461c8dc05fb4f86,,,function-fail-param-modify,,,,,
12,1,1,213,postgresql,5e334093427256ed4448253f2a7e50cc2da027a6,,,vardef-var-name-modify,,,,,
21,3,1,137,mysql,5f49c45b2eab1a655b1547397806dd024ee82b5e,判断puppetversion 版本小于3.0 改为大于3.0,,type-resource-vardef-modify,,,,,
-1,-1,2,26,mysql,6151590caff266a429e14e1b065617aade88e8b2,增加lsbdistcodename 判断实现trusty的支持变动,,resource-file-title-modify,,,,,
21,3,1,124,mysql,61619f69fcce2056209a433f909acdd25c3d88e0,修改判断语句,,resource-file-path-modify,,,,,
-1,-1,-1,195,postgresql,61f077bb2098f3aa7553a808bdc6128dd6b37489,,,resource-file-path-modify,,,,,
7,2,1,5,mysql,62ef6564d740649eb4ffb28147e3cc06deb99791,增加Classmysql::client的执行顺序,,resource-file-mode-add,,,,,
12,1,1,112,mysql,63e0da0b712e0735ce6c62ee263ec485f1964292,,,resource-file-mode-modify,,,,,
-1,-1,-1,249,postgresql,63ee3a55f18f6c8e2da2b7d35ecba38bebf0b2e7,,,resource-package-tag-add,,,,,
7,2,4,133,mysql,64f367fbb47bffd4b34a27922b137d66d6f20c8f,资源引用类型名称首字母小写改为大写,,resource-package-install_options-add,,,,,
16,-1,1,226,postgresql,663c77930932a3271297471ade5b6a2f58ff7931,,,resource-package-install_options-add,,,,,
-1,-1,-1,279,postgresql,673838c3d8a231a46872991e6781aa200649525f,,,resource-package-install_options-add,,,,,
21,3,1,14,mysql,67ea1c4dd3aaa4bcbd25e5259b4e57f557b4b88e,"对opensuse系统版本比较由大于13,改为12 关键字 operatingsystemmajrrelease",,resource-package-install_options-add,,,,,
14,5,3,15,mysql,681d4f856fd1ccda1a6152fdb6622f110827431b,"变量的定义增加判断条件,系统版本,operatingsystemmajrelease 大于14.10",,resource-package-install_options-add,,,,,
10,1,1,266,postgresql,688b0aa3fc12491d2edc9778e908a210a7ce872b,,,resource-package-install_options-add,,,,,
10,1,1,285,postgresql,688b0aa3fc12491d2edc9778e908a210a7ce872b,更改参数名称,,resource-package-install_options-add,,,,,
11,-1,1,141,mysql,6924dea7bda1c68c06da9aadbefc6bd3f8d8dc7d,"service 对server的依赖关系变为变量判断的依赖,使关系可控",,resource-package-install_options-add,,,,,
12,1,1,127,mysql,6a79d2683833e87c9a8d6b21655bb268bf425f99,,,resource-package-install_options-add,,,,,
-1,-1,-1,289,postgresql,6afb4a0367c699d3e1a83879b87d2e7ac4d26965,,,function-mysql_deepmerge-name-modify,,,,,
12,1,1,219,postgresql,6afb4a0367c699d3e1a83879b87d2e7ac4d26965,,,function-warning-name-modify,,,,,
-1,-1,-1,286,postgresql,6bf896fa3475a00d279277d2f3d23e8c209444cb,,,function-mysql_dirname-name-modify,,,,,
14,5,3,193,postgresql,6cb9071bfd8c9aa43a9befca2e576d5aeb787c57,,,function-mysql_dirname-name-modify,,,,,
-1,-1,-1,261,postgresql,6e55b9bbb3feb7283e5d3dfab63d0fed548db29c,,,resource-exec-cwd-modify,,,,,
-1,4,1,185,postgresql,6f614b0b3735e1b2f9e701677f3fc6f85e852184,,,resource-exec-environment-modify,,,,,
12,1,1,221,postgresql,6f614b0b3735e1b2f9e701677f3fc6f85e852184,,,resource-exec-environment-modify,,,,,
-1,-1,-1,132,mysql,723a3affa1fa68ef178673c06710f25c81aa95fa,,,resource-mysql_user-require-add,resource-mysql_grant-title-modify,resource-mysql_grant-privileges-modify,,,
4,17,11,175,postgresql,74039db1a168d68137550548c37c90a24aaa5b4a,globals_version的映射增加8.1对应1.5,,hostclass-type-argument-add,hostclass-type-argument-add,resource-mysql_grant-privileges-modify,resource-mysql_grant-privileges-modify,,
12,1,1,202,postgresql,740c0b3b4063c8d0585f55b0d060837533630860,,,resource-mysql_grant-ensure-modify,,,,,
17,12,8,114,mysql,765afe4f613d0c007e653d73268de374b07a76af,更改依赖资源,,resource-mysql_grant-type-modify,,,,,
12,1,1,208,postgresql,789543fc45b08b940b1ba4f855fd8feebb2a2d39,,,resource-mysql_grant-privileges-modify,,,,,
14,5,3,25,mysql,7b3cdd234a0498a8b64258ebf3399bf6f3899afb,修改osfamily 中redhat的选项为多个系统并修改operatingsystemrelease为operatingsystemmajrelease,,selector-value-globals_version-add,,,,,
12,1,1,224,postgresql,7d84b6ac0e75ea228088b72ce6da68a45fdc2e6b,,,selector-value-globals_version-add,,,,,
0,11,7,82,mysql,7de2316e15117572c097d1d77a498f9ddb04be26,package 增加 install_options的额外选项,,selector-value-globals_version-modify,,,,,
0,11,7,83,mysql,7de2316e15117572c097d1d77a498f9ddb04be26,package 增加 install_options的额外选项,,selector-value-globals_version-add,,,,,
0,11,7,84,mysql,7de2316e15117572c097d1d77a498f9ddb04be26,package 增加 install_options的额外选项,,hostclass-type-inherit-modify,,,,,
0,11,7,86,mysql,7de2316e15117572c097d1d77a498f9ddb04be26,package 增加 install_options的额外选项,,hostclass-type-inherit-modify,,,,,
0,11,7,88,mysql,7de2316e15117572c097d1d77a498f9ddb04be26,package 增加 install_options的额外选项,,hostclass-type-inherit-modify,,,,,
0,11,7,89,mysql,7de2316e15117572c097d1d77a498f9ddb04be26,package 增加 install_options的额外选项,,hostclass-type-inherit-modify,,,,,
0,11,7,91,mysql,7de2316e15117572c097d1d77a498f9ddb04be26,package 增加 install_options的额外选项,,hostclass-type-inherit-modify,,,,,
0,11,7,93,mysql,7de2316e15117572c097d1d77a498f9ddb04be26,package 增加 install_options的额外选项,,hostclass-type-inherit-modify,,,,,
0,11,7,121,mysql,7de2316e15117572c097d1d77a498f9ddb04be26,package 增加 install_options的额外选项,,hostclass-type-inherit-add,,,,,
12,1,1,4,mysql,7de2316e15117572c097d1d77a498f9ddb04be26,增加参数,,hostclass-type-inherit-add,,,,,
13,1,1,49,mysql,7de2316e15117572c097d1d77a498f9ddb04be26,,,hostclass-type-inherit-add,,,,,
21,3,1,142,mysql,7ea4a748c2819552fe691e9d8f5c98911df83f4b,增加变量不为空的判断,,relation-order-->-add,,,,,
12,1,1,222,postgresql,809003d0f9aaa451acb76151a0351f61fe3202e4,,,relation-order-->-add,,,,,
12,1,1,188,postgresql,809003d0f9aaa451acb76151a0351f61fe3202e4,,,relation-order-->-modify,,,,,
12,1,1,205,postgresql,81b4778b9376fa0c7a1337e7eaed512f351cc492,,,relation-order-->-modify,,,,,
13,1,1,154,postgresql,81b4778b9376fa0c7a1337e7eaed512f351cc492,,,selector-value-::operatingsystemrelease-add,selector-value-::operatingsystemrelease-delete,,,,
-1,-1,1,276,postgresql,828c3b99d24b0fa695668e48eb3559d8b946ca1c,,,selector-value-::operatingsystemrelease-delete,selector-value-::operatingsystemrelease-add,,,,
-1,-1,1,228,postgresql,82c5863431cfb76c88cb1d2fa50ec2a13148a012,,,hostclass-type-argument-delete,selector-value-::operatingsystemrelease-add,selector-value-::operatingsystemrelease-add,selector-value-::operatingsystemrelease-delete,,
-1,-1,1,243,postgresql,83b4ac166132df3703155c79cbcdda0c3ea69180,,,selector-value-::operatingsystemrelease-add,,,,,
12,1,1,156,postgresql,83b4ac166132df3703155c79cbcdda0c3ea69180,,,selector-value-::operatingsystemrelease-add,,,,,
12,1,1,206,postgresql,83b4ac166132df3703155c79cbcdda0c3ea69180,,,selector-value-::operatingsystemrelease-add,,,,,
2,-1,-1,274,postgresql,863a4b80dee95828e8829593706ddb4ae06dfbd5,exec环境变量修改,,selector-value-::operatingsystemrelease-add,,,,,
-1,-1,1,265,postgresql,86f295024898f9f7c260eee5b654cdbcc4748a80,,,selector-value-::operatingsystemrelease-add,,,,,
-1,-1,1,292,postgresql,86f295024898f9f7c260eee5b654cdbcc4748a80,,,hostclass-type-argument-modify,hostclass-type-argument-modify,,,,
-1,-1,-1,287,postgresql,86f295024898f9f7c260eee5b654cdbcc4748a80,,,hostclass-type-argument-modify,hostclass-type-argument-modify,,,,
12,1,1,214,postgresql,86f295024898f9f7c260eee5b654cdbcc4748a80,,,hostclass-type-argument-modify,,,,,
12,1,1,283,postgresql,86f295024898f9f7c260eee5b654cdbcc4748a80,,,hostclass-type-argument-modify,,,,,
21,3,1,235,postgresql,8ad12ece492b96167eb4696d03a54503a70af460,"拼写错误,/usr/local/bin 错拼成/usr/loca/bin",,hostclass-type-argument-modify,,,,,
21,3,1,71,mysql,8b1fa244793e964973e90cbf22297c4a8cf76b38,判断增加mysql_version版本比较,,hostclass-type-argument-modify,,,,,
-1,-1,4,41,mysql,8b366fe7df52abf8ed90eea5aafcc3f1c2d70810,引用顺序调整将配置调整到安装之前,,hostclass-type-argument-modify,,,,,
14,-1,3,22,mysql,8cc0083d6e58b21328504d8de9c02a497dd93a11,operatingsystem 增加sles的选项,,hostclass-type-argument-modify,,,,,
12,1,1,215,postgresql,8d7bf05796ec529f565b95226b45e4fe45fd75e6,,,hostclass-type-argument-modify,,,,,
21,3,1,212,postgresql,8db4a0cf67d47af26741938fd4cad0cec45826f9,版本判断,,hostclass-type-argument-modify,,,,,
12,1,1,153,postgresql,8dbf982b627e0df16bc2ecc2635b5d86d0bf0f55,,,hostclass-type-argument-modify,,,,,
-1,-1,-1,172,postgresql,906794d3ce7ece0934046371259401adaa7d1c5a,,,hostclass-type-argument-modify,,,,,
-1,-1,-1,194,postgresql,90ed7aaf6d42282001264f7f70ec051fd6c439c5,,,resource-service-require-delete,ifstatement-if-test-modify,type--relation-modify,,,
-1,-1,-1,277,postgresql,91fec924888e47ec6f67e712f3f6a8977ba4f8c8,,,resource-service-require-modify,,,,,
10,1,1,210,postgresql,91fec924888e47ec6f67e712f3f6a8977ba4f8c8,类参数version由server::version改为server::_version,,resource-service-require-modify,,,,,
-1,-1,3,39,mysql,92660497a2fa610cd6867329f2f038d6a35cb011,"operatingsystem 测试条件需要加上::,作用域问题",,resource-service-require-modify,,,,,
-1,-1,4,264,postgresql,9278954cfeeac8361327fb325f4c35973489cbcf,,,resource-service-require-add,,,,,
4,17,11,169,postgresql,9301e8223252c8d7005f75630d5daa7926e1473d,"判断增加osfamily对suse的处理,并根据operatingsystem处理sles",,hostclass-type-argument-modify,hostclass-type-argument-add,hostclass-type-argument-add,,,
7,2,1,40,mysql,9570b0342fb0710b8c346294312f42fa9af0436d,增加顺序依赖,,hostclass-type-argument-add,hostclass-type-argument-add,,,,
1,-1,-1,118,mysql,96f4d164a4c771b33f8c2a8ddd2d2d782d4186d2,dirname函数名修改为mysql_dirname,,hostclass-type-argument-add,hostclass-type-argument-add,,,,
12,1,1,155,postgresql,995e1983f23e4e437d61371ff6b51e12c8ba6283,,,hostclass-type-argument-add,hostclass-type-argument-add,,,,
18,9,1,152,postgresql,995e1983f23e4e437d61371ff6b51e12c8ba6283,,,hostclass-type-argument-add,hostclass-type-argument-add,,,,
-1,-1,-1,269,postgresql,99a1e03154e3c2bb873fbd47ff32fd5e23c259cb,,,hostclass-type-argument-add,hostclass-type-argument-add,,,,
-1,-1,-1,281,postgresql,99cd56c2e3d032455dfc409550373295ac88da2e,,,hostclass-type-argument-add,hostclass-type-argument-add,hostclass-type-argument-add,,,
-1,-1,9,231,postgresql,9a29aea976fdb11aca29fe1746fcd7557052a02b,,,hostclass-type-argument-add,hostclass-type-argument-add,,,,
10,1,1,234,postgresql,9aebc4fbfe8ba38a244b2e14b26dd0f3cfa2586d,,,hostclass-type-argument-add,hostclass-type-argument-add,,,,
-1,4,1,159,postgresql,9bb1c5e491463fe64beff663be156d6724b4e06e,,,hostclass-type-argument-add,hostclass-type-argument-add,,,,
21,3,1,28,mysql,9d0f9010c6fbfd8d30f92ea2b7a9cc5d0dcfb7d3,在判断operatingsystemrelease之前先使用is_integer确定是数字,,hostclass-type-argument-add,hostclass-type-argument-add,,,,
8,4,1,183,postgresql,9d1543bd445303c1c2b9d25188f28cfd2883796c,operatingsystemrelease  的映射关系增加21=>9.3,,hostclass-type-argument-add,,,,,
21,3,1,70,mysql,9dad94a8c643d555433ae47e0699e9f89230b934,判断取消mysql_version版本比较,,hostclass-type-argument-add,,,,,
-1,9,-1,242,postgresql,9dc891d06da260853c20812959522fa293180f80,,,hostclass-type-argument-add,,,,,
12,1,1,178,postgresql,9e60640bd9d4753965042f7a9b914819b3e6ce07,,,hostclass-type-argument-add,,,,,
-1,-1,2,19,mysql,9f9061ea8fe80b4817c166b3e7a344e9dac40482,lsbdistcodename增加映射jessie=ruby-mysql,,hostclass-type-argument-add,,,,,
-1,-1,1,191,postgresql,a0a2a00a49bbc183466635b87b08f0fd6fd07492,,,hostclass-type-argument-add,,,,,
-1,-1,1,134,mysql,a1bd55423b77e80a0f37f6c75c04b00835f8519e,,,hostclass-type-argument-add,,,,,
-1,-1,-1,259,postgresql,a246e586be016c99d521a8796c24f8fe7ca5c4e2,,,hostclass-type-argument-add,,,,,
-1,1,1,45,mysql,a26b80d750030481d3f13f629b07b8bcd9698958,类参数增减,,hostclass-type-argument-add,,,,,
12,1,1,176,postgresql,a29d038287559444b6a80eab22b05b2d55901a12,,,hostclass-type-argument-add,,,,,
19,-1,1,62,mysql,a2faed23ac62cdd465e941dd7bfcdca4443afc71,,,hostclass-type-argument-add,,,,,
19,-1,1,74,mysql,a2faed23ac62cdd465e941dd7bfcdca4443afc71,,,hostclass-type-argument-add,,,,,
12,1,1,59,mysql,a7a5c66bc431898e2931d7520a434394ef495276,,,hostclass-type-argument-add,,,,,
12,1,1,69,mysql,a7a5c66bc431898e2931d7520a434394ef495276,,,hostclass-type-argument-add,,,,,
12,1,1,105,mysql,a7a5c66bc431898e2931d7520a434394ef495276,,,hostclass-type-argument-add,,,,,
-1,-1,-1,233,postgresql,a8e66e687275328bd250857fd916859b06797a5f,,,hostclass-type-argument-add,,,,,
11,16,-1,148,mysql,a8fd4d375ba711625931ea0f08e6e2ec5a55ca51,"增加对configfile 以及serverpackage的依赖,只有安装后才能启动服务",,hostclass-type-argument-add,,,,,
-1,-1,-1,220,postgresql,ab5c177b7665bbdce3ead22adc47e65fa4dbf819,,,hostclass-type-argument-add,,,,,
11,16,10,143,mysql,ac6ae7140e60722badc494c2109d20cd2a73a5fb,"service的依赖变动,将变量变更为确定的server",,hostclass-type-argument-add,,,,,
15,15,9,125,mysql,ac6ae7140e60722badc494c2109d20cd2a73a5fb,,,hostclass-type-argument-add,,,,,
22,3,1,248,postgresql,acabbbf53066a9b760def6136d8f2d7b8ac65738,,,hostclass-type-argument-add,,,,,
12,1,1,284,postgresql,ad083d0e4da7edd2203b760388c8f62e73b4fc00,,,hostclass-type-argument-add,,,,,
-1,-1,1,275,postgresql,aee6dba6f85583560ee3fb817138f3b12f53b81c,,,hostclass-type-argument-add,,,,,
21,3,1,18,mysql,b20f04330cebfb45b626f9d7ef7b6ad6280ea65a,由直接的系统版本数值比较改成versioncmp函数,,hostclass-type-argument-add,,,,,
12,1,1,201,postgresql,b2cb2dfff05d4dfcf6cf693288325fa8268b3148,,,hostclass-type-argument-add,,,,,
21,3,1,240,postgresql,b2cb2dfff05d4dfcf6cf693288325fa8268b3148,,,hostclass-type-argument-add,,,,,
3,13,1,110,mysql,b40865d7408ca2ee57a8e167a03b23d035cb229c,mysql增加process权限,,hostclass-type-argument-add,,,,,
-1,3,-1,120,mysql,b670071d9fe9eeca7db3e167a9f26fc871336e27,,,hostclass-type-argument-add,,,,,
-1,-1,-1,255,postgresql,b706edff9b78bc0a0e765a82de30511b75b1265e,,,hostclass-type-argument-add,,,,,
-1,9,1,56,mysql,b7761efd5b25532c3753997c4dee4a97dd2328f1,,,hostclass-type-argument-add,,,,,
-1,-1,1,263,postgresql,b784676c2ed8c3392f7ecbd47f6d4cc789b3f91a,,,hostclass-type-argument-add,,,,,
-1,-1,-1,225,postgresql,b9db279c04e0f3437dfa70f53331857eef4a1344,,,hostclass-type-argument-add,,,,,
12,1,1,48,mysql,b9fbba3b0dfaae3d354d8e2cb21d08888298300a,,,hostclass-type-argument-add,,,,,
-1,7,1,36,mysql,ba4df4dead1caa9b69e0c48a1ba072159c1b23e5,"变量名修改,将python包名称改为java包名称",,hostclass-type-argument-add,,,,,
-1,-1,-1,116,mysql,ba52d1d6e9b86f835ea002cac990050788fe2963,,,hostclass-type-argument-add,,,,,
22,3,-1,162,postgresql,ba67952288db555409176e2299fa631c2214ca23,取消系统版本判断,,hostclass-type-argument-add,,,,,
-1,7,-1,288,postgresql,bac4b87a8dabc742dc99070982d5641a5cf2489a,,,hostclass-type-argument-add,,,,,
16,8,-1,54,mysql,bba9589770c6b7a11aefc082d8ab5f7d614f30fe,"修改exec的path选项,增加sbin后面的斜杠",,hostclass-type-argument-add,,,,,
-1,4,-1,12,mysql,bc7ef70a9269caf73c4db5d050f9edfaba6c384e,不同系统处理socket位置在sles中是/run/mysql/mysql.sock非var/lib/mysql/mysql.sock,,hostclass-type-argument-add,,,,,
21,3,1,97,mysql,bff5bdfc7ba7d3c29666177fd551b4e931deb913,在比较前增加fqdn不为空的判断,,hostclass-type-argument-add,,,,,
1,-1,-1,117,mysql,c1191f123017848ff2842f2ad1ca45839d0394dc,dirname函数名修改为mysql_dirname,,hostclass-type-argument-add,,,,,
16,8,1,55,mysql,c15ef0ad1bc374053107c0c2c467dc13ceae6bcc,,,hostclass-type-argument-add,,,,,
8,4,1,181,postgresql,c1b67d3c0fa1595ba72ea8e5f84766fd5fbc8c08,operatingsystemrelease的映射ubuntu 14.04->9.3,,hostclass-type-argument-add,,,,,
-1,-1,1,150,mysql,c47d1fb5869734b8310fc1fed0bcec7e9e7b5b75,,,hostclass-type-argument-add,hostclass-type-argument-delete,,,,
18,-1,1,115,mysql,c654fe1ba82b8c9582b1607b771cbf6313f0e361,将文件属性改为变量参数,,hostclass-type-argument-add,hostclass-type-argument-delete,hostclass-type-argument-delete,,,
10,1,1,199,postgresql,c8d3ecde144454190de593483927df124edb2912,类参数由默认present改为变量,,hostclass-type-argument-delete,hostclass-type-argument-delete,,,,
10,1,1,223,postgresql,c8d3ecde144454190de593483927df124edb2912,ensure 由present改为变量,,hostclass-type-argument-delete,hostclass-type-argument-delete,,,,
12,1,1,190,postgresql,c8d3ecde144454190de593483927df124edb2912,,,hostclass-type-argument-add,hostclass-type-argument-delete,,,,
22,3,-1,66,mysql,cda93b8452ac1a6632992efe974b50b66c9522f6,,,hostclass-type-argument-add,hostclass-type-argument-delete,,,,
-1,4,1,182,postgresql,cdf5b077feebde145a68e21598675cfd45b07f31,,,hostclass-type-argument-add,hostclass-type-argument-add,hostclass-type-argument-delete,,,
10,1,1,218,postgresql,cdf5b077feebde145a68e21598675cfd45b07f31,,,hostclass-type-argument-delete,,,,,
-1,3,1,147,mysql,ce43899af36a6d76cbb8be24d3f68ae93f954eeb,由单独变量改为map字典变量,,casestatement-option-::operatingsystem-add,casestatement-option-RedHat-delete,casestatement-option-Archlinux-delete,,,
12,1,1,42,mysql,ced1a08c34168f6b3f8e1ada1f75223ce7f27f07,,,casestatement-option-::osfamily-add,casestatement-option-RedHat-delete,,,,
-1,6,1,24,mysql,cf2ffc68214307dfec5c823ac08cc77d5ec4b541,修改fail的提示语,,casestatement-option-::osfamily-add,casestatement-option-::osfamily-add,casestatement-option-::osfamily-add,casestatement-option-::osfamily-add,casestatement-option-::osfamily-add,casestatement-option-::osfamily-add
21,3,1,246,postgresql,d010bc8c7fbf92c02d441d464064313746dc938c,系统版本operatingsystemrelease 判断,,type-casestatement-function-modify,casestatement-option-::osfamily-add,,,,
12,1,1,111,mysql,d2b24e40d3034026ccfa7f5af1eb9d418137665c,,,casestatement-option-::operatingsystem-add,casestatement-option-/^(RedHat|CentOS|Scientific)$/-delete,,,,
14,-1,3,23,mysql,d2d40a8dc8694603642aed4556447cf930fe7987,operatingsystem修改并增加OracleLinux的选项,,casestatement-option-::operatingsystem-add,,,,,
10,1,1,106,mysql,d3901f205a0c5ed2d8381106bf1d5653ccd15d36,初始化的类参数 include_trigger 由true改为false,,casestatement-option-::operatingsystem-add,,,,,
16,8,1,227,postgresql,d44de361b6da9cc5ba5248de5c16955bb16c23a3,,,type-casestatement-vardef-modify,,,,,
-1,-1,-1,123,mysql,d472d5bcf1455a51035b1f6e5f047f28a5d22dda,,,resource-exec-require-add,resource-exec-after-delete,,,,
-1,-1,-1,247,postgresql,d49939014c08f79f24ad807f60affc063e6fdb4c,,,resource-exec-require-modify,,,,,
-1,1,1,52,mysql,d66efd82a20e7cca81093d3a1e4dd20f264533f6,,,resource-exec-require-modify,,,,,
2,-1,-1,273,postgresql,d71e3f754d92f3e3cc6bbe6db2a5ba131cd366fb,exec环境变量修改,,resource-exec-require-add,,,,,
-1,-1,-1,135,mysql,d8206aa4ecb598de361ebf462f2b3949a8ab7455,,,resource-exec-command-modify,resource-exec-user-add,resource-exec-group-add,resource-exec-onlyif-add,,
6,0,5,58,mysql,d8206aa4ecb598de361ebf462f2b3949a8ab7455,增加mysql::params的继承,,resource-exec-command-modify,resource-exec-path-add,,,,
6,0,5,68,mysql,d8206aa4ecb598de361ebf462f2b3949a8ab7455,增加mysql::params的继承,,resource-exec-path-add,resource-exec-command-modify,,,,
6,0,5,77,mysql,d8206aa4ecb598de361ebf462f2b3949a8ab7455,增加mysql::params的继承,,resource-exec-path-modify,,,,,
-1,7,1,27,mysql,dabb29dd6e02928efcaefb080f1163694a58155b,变量名称修改,,resource-exec-path-modify,,,,,
19,10,6,108,mysql,e08aa011f117a4f4c91a74ab76188a063bb56f90,取消provider=mysql,,resource-mysql_user-type-modify,resource-mysql_user-type-modify,resource-mysql_user-type-modify,resource-mysql_user-type-modify,resource-mysql_database-type-modify,
-1,-1,-1,21,mysql,e0e797e480949ffef73f92861f77fa4a9066e623,operatingsystem 删除sles的选项,,resource-mysql_user-require-modify,resource-mysql_user-require-modify,resource-mysql_user-require-modify,resource-mysql_user-require-modify,resource-mysql_database-require-modify,
21,3,1,20,mysql,e23da832307ef2074e4c3e19c431db0bb82de58f,operatingsystemmajrelease 修改为operatingsystemrelease ,,resource-mysql_user-type-modify,,,,,
12,1,1,167,postgresql,e2b0bdd26f0086c4f26720533f37fec87b066806,,,resource-mysql_user-require-modify,,,,,
12,1,1,211,postgresql,e2b0bdd26f0086c4f26720533f37fec87b066806,,,hostclass-type-argument-add,resource-file-title-modify,,,,
20,7,-1,251,postgresql,e2f50152070a5dae674d55f356bcb6822c011184,,,resource-file-title-modify,resource-file-path-add,,,,
-1,12,8,99,mysql,e3843ceb6f3ed0fc7237978108a0fee31894225a,,,hostclass-type-argument-add,hostclass-type-argument-add,hostclass-type-argument-add,resource-file-mode-modify,resource-file-owner-modify,resource-file-group-modify
5,0,0,85,mysql,e3843ceb6f3ed0fc7237978108a0fee31894225a,由继承mysql 改为继承mysql：：globals,,hostclass-type-argument-modify,resource-mysql_user-provider-add,,,,
5,0,0,87,mysql,e3843ceb6f3ed0fc7237978108a0fee31894225a,由继承mysql 改为继承mysql：：globals,,hostclass-type-argument-modify,resource-mysql_user-provider-add,resource-file-group-modify,,,
5,0,0,90,mysql,e3843ceb6f3ed0fc7237978108a0fee31894225a,由继承mysql 改为继承mysql：：globals,,resource-mysql_user-provider-delete,,,,,
5,0,0,92,mysql,e3843ceb6f3ed0fc7237978108a0fee31894225a,由继承mysql 改为继承mysql：：globals,,resource-mysql_user-provider-delete,,,,,
10,1,1,96,mysql,e3843ceb6f3ed0fc7237978108a0fee31894225a,,,resource-mysql_user-provider-delete,,,,,
-1,6,1,37,mysql,e472d3b48d548deae2a02162a9061067cb91f8cc,fail的函数参数修改,,resource-mysql_user-provider-delete,,,,,
10,1,1,43,mysql,e4b4afd0003b5a44d5e9671416a9714d2eb1e7da,,,resource-mysql_user-provider-delete,,,,,
7,2,4,129,mysql,e4d5671e7f52472caf1bfd68561f57a94c8055c0,修改引用目标,,resource-mysql_user-provider-delete,,,,,
17,12,8,98,mysql,e4d5671e7f52472caf1bfd68561f57a94c8055c0,,,resource-mysql_user-provider-delete,,,,,
21,3,1,151,mysql,e4d5671e7f52472caf1bfd68561f57a94c8055c0,更新变量名称,,type-ifstatement-vardef-modify,vardef-var-name-modify,,,,
12,1,1,57,mysql,e733df7388e1e3e9ba49a6a696b1c1bd452ba0b8,,,type-vardef-ifstatement-modify,,,,,
12,1,1,65,mysql,e733df7388e1e3e9ba49a6a696b1c1bd452ba0b8,,,type--vardef-modify,,,,,
12,1,1,76,mysql,e733df7388e1e3e9ba49a6a696b1c1bd452ba0b8,,,ifstatement-if-test-modify,ifstatement-if-test-modify,ifstatement-if-test-modify,ifstatement-if-test-modify,,
12,1,1,103,mysql,e733df7388e1e3e9ba49a6a696b1c1bd452ba0b8,,,hostclass-type-argument-modify,ifstatement-if-test-modify,ifstatement-if-test-modify,,,
-1,-1,-1,101,mysql,e77576d8e711648610d8a65190f0ffa284a33136,,,ifstatement-if-test-modify,ifstatement-if-test-modify,resource-service-enable-modify,,,
-1,3,-1,250,postgresql,ea9203dd1acf4bcb55b5ef215dd3a8d18606471a,,,type-ifstatement-resource-modify,ifstatement-if-test-modify,,,,
12,1,1,203,postgresql,ea9203dd1acf4bcb55b5ef215dd3a8d18606471a,,,ifstatement-if-test-modify,ifstatement-if-test-modify,,,,
19,10,6,61,mysql,eb3fa4e9f511e608718fb43de5093f290d8ffe00,1c3bf95e21e91e89fd64688e7df07ff8ea4a21e7,,ifstatement-if-test-modify,,,,,
19,10,6,73,mysql,eb3fa4e9f511e608718fb43de5093f290d8ffe00,取消provider=mysql,,ifstatement-if-test-modify,,,,,
19,10,6,79,mysql,eb3fa4e9f511e608718fb43de5093f290d8ffe00,取消provider=mysql,,ifstatement-if-test-modify,,,,,
3,13,1,72,mysql,ec14b87a814127d8dcb65bca6a35a60edb9736c2,mysql增加权限trigger,,ifstatement-if-test-modify,,,,,
12,1,1,60,mysql,ec14b87a814127d8dcb65bca6a35a60edb9736c2,,,ifstatement-if-test-modify,,,,,
12,1,1,78,mysql,ec14b87a814127d8dcb65bca6a35a60edb9736c2,,,ifstatement-if-test-modify,,,,,
12,1,1,107,mysql,ec14b87a814127d8dcb65bca6a35a60edb9736c2,,,ifstatement-if-test-modify,,,,,
-1,-1,-1,149,mysql,ec6b97ea5db1aa516b3f39d3655491fe9a1f4315,,,ifstatement-if-test-modify,,,,,
-1,-1,-1,157,postgresql,ef1681f5e50ae7976484dd1daf6a18a92bcb9191,,,ifstatement-if-test-modify,,,,,
12,1,1,207,postgresql,ef1681f5e50ae7976484dd1daf6a18a92bcb9191,,,ifstatement-if-test-modify,,,,,
-1,-1,-1,290,postgresql,ef45251a316509413c938c50c33d1b6f58d5bfe7,,,ifstatement-if-test-modify,,,,,
-1,-1,1,262,postgresql,f0924df7c803e6c667850fe22feaff23b0200109,,,ifstatement-if-test-modify,,,,,
12,1,1,258,postgresql,f0924df7c803e6c667850fe22feaff23b0200109,,,ifstatement-if-test-modify,,,,,
12,1,1,3,mysql,f5a693b82628983b80a33c0dfc25d633c41001c8,增加参数,,ifstatement-if-test-modify,,,,,
12,1,1,47,mysql,f5a693b82628983b80a33c0dfc25d633c41001c8,,,ifstatement-if-test-modify,,,,,
-1,9,-1,241,postgresql,f929cadd9cd83718894eaa7f9817c807f6f83848,,,ifstatement-if-test-modify,,,,,
12,1,1,204,postgresql,f9c0d91680123bbeeb8093d26dc9aff92dbcad6d,,,ifstatement-if-test-modify,,,,,
-1,-1,1,10,mysql,fa7f0ebf17228b594553cc9215e4ba4bebbc3c1a,去掉测试语句 notice,,ifstatement-if-test-modify,,,,,
-1,-1,-1,256,postgresql,fad4c164abb2af902dc8262242a11effa6c78303,,,type-resource-function-modify,type-ifstatement-resource-modify,,,,
-1,-1,-1,230,postgresql,fc580e1f93887e08cc99d859bc02dd21c98e6f6f,,,type-resource-function-modify,,,,,
9,4,1,184,postgresql,ff35c0e115adcca4e29c600262983cbd0bc8fc3b,operatingsystemrelease增加新映射 fedora 17 ->9.1,,type-function-resource-modify,,,,,
1,-1,-1,104,mysql,ff4ce8c5d44a401e2ae49cf0746039e07fd6328b,warn函数修改为warning函数,,type-resource-ifstatement-modify,,,,,
22,3,1,173,postgresql,ff59d421f9b9ac773f5daee430c8dde9b632d7ff,resource 增加判断,,type-ifstatement-resource-modify,,,,,
hdbscan-3,dbscan-cos-3,,0,,,,,,,,,,
